collected_at,company,date,title,notice_id,category,views,url,source_type,raw
2026-05-14 04:39:52,KB증권,2026-05-13,금융결제원 전자금융공동망 대고객 업무 일시중단 안내(5/30),10009844,시스템,3522,https://www.kbsec.com/go.able?linkcd=m06090001,grid_json,"[""20260513"", ""20260513"", ""20360513"", ""10009844"", ""    "", ""금융결제원 전자금융공동망 대고객 업무 일시중단 안내(5/30)"", ""                                                                                                    "", ""1"", "" "", "" "", ""                                                                                                    "", ""                                                                                                    "", ""                    "", ""3522"", "" "", ""원윤정"", ""플랫폼서비스부"", ""D"", "" ""]"
2026-05-14 04:39:52,KB증권,2026-05-13,국민건강보험공단 수납 업무 일시중단 안내(5/23~5/25),10009843,시스템,157,https://www.kbsec.com/go.able?linkcd=m06090001,grid_json,"[""20260513"", ""20260513"", ""20360513"", ""10009843"", ""    "", ""국민건강보험공단 수납 업무 일시중단 안내(5/23~5/25)"", ""                                                                                                    "", ""1"", "" "", "" "", ""                                                                                                    "", ""                                                                                                    "", ""                    "", ""157"", "" "", ""원윤정"", ""플랫폼서비스부"", ""D"", "" ""]"
2026-05-14 04:39:52,KB증권,2026-05-13,신용대출 종목군 및 위탁증거금률 변경 안내,10009842,상품,392,https://www.kbsec.com/go.able?linkcd=m06090001,grid_json,"[""20260513"", ""20260513"", ""20360513"", ""10009842"", ""    "", ""신용대출 종목군 및 위탁증거금률 변경 안내"", ""                                                                                                    "", ""1"", "" "", "" "", ""                                                                                                    "", ""                                                                                                    "", ""                    "", ""392"", "" "", ""송인상"", ""신용공여부"", ""A"", "" ""]"
2026-05-14 04:39:52,KB증권,2026-05-13,일부 참가기관 디지털금융망 서비스 일시 중단 안내,10009841,서비스,193,https://www.kbsec.com/go.able?linkcd=m06090001,grid_json,"[""20260513"", ""20260513"", ""20270513"", ""10009841"", ""    "", ""일부 참가기관 디지털금융망 서비스 일시 중단 안내"", ""                                                                                                    "", ""1"", "" "", "" "", ""                                                                                                    "", ""                                                                                                    "", ""                    "", ""193"", "" "", ""윤채원"", ""업무개발부"", ""D"", "" ""]"
2026-05-14 04:39:52,KB증권,2026-05-13,일부 금융기관 오픈뱅킹 서비스 일시 중단 안내,10009840,서비스,3013,https://www.kbsec.com/go.able?linkcd=m06090001,grid_json,"[""20260513"", ""20260513"", ""20270513"", ""10009840"", ""    "", ""일부 금융기관 오픈뱅킹 서비스 일시 중단 안내"", ""                                                                                                    "", ""1"", "" "", "" "", ""                                                                                                    "", ""                                                                                                    "", ""                    "", ""3013"", "" "", ""윤채원"", ""업무개발부"", ""D"", "" ""]"
2026-05-14 04:39:52,KB증권,2026-05-12,[ETF/ETN] 단일종목 심화교육 및 해외 레버리지 기본예탁금 도입 안내,10009835,상품,2446,https://www.kbsec.com/go.able?linkcd=m06090001,grid_json,"[""20260512"", ""20260512"", ""20360512"", ""10009835"", ""    "", ""[ETF/ETN] 단일종목 심화교육 및 해외 레버리지 기본예탁금 도입 안내"", ""                                                                                                    "", ""1"", "" "", "" "", ""                                                                                                    "", ""                                                                                                    "", ""                    "", ""2446"", ""Y"", ""원윤정"", ""플랫폼서비스부"", ""C"", "" ""]"
2026-05-14 04:39:52,KB증권,2026-05-12,CFD 증거금률 변경 안내,10009838,상품,2482,https://www.kbsec.com/go.able?linkcd=m06090001,grid_json,"[""20260512"", ""20260512"", ""20270512"", ""10009838"", ""    "", ""CFD 증거금률 변경 안내"", ""                                                                                                    "", ""1"", "" "", "" "", ""                                                                                                    "", ""                                                                                                    "", ""                    "", ""2482"", "" "", ""이유림"", ""글로벌파생영업부"", ""A"", "" ""]"
2026-05-14 04:39:52,KB증권,2026-05-12,신용대출 종목군 및 위탁증거금률 변경 안내,10009837,상품,440,https://www.kbsec.com/go.able?linkcd=m06090001,grid_json,"[""20260512"", ""20260512"", ""20360512"", ""10009837"", ""    "", ""신용대출 종목군 및 위탁증거금률 변경 안내"", ""                                                                                                    "", ""1"", "" "", "" "", ""                                                                                                    "", ""                                                                                                    "", ""                    "", ""440"", "" "", ""송인상"", ""신용공여부"", ""A"", "" ""]"
2026-05-14 04:39:52,KB증권,2026-05-11,국내주식 소수점 일괄매도 및 매매 제한일정 안내(한화솔루션 일정변경-미정),10009832,서비스,1591,https://www.kbsec.com/go.able?linkcd=m06090001,grid_json,"[""20260511"", ""20260511"", ""20360511"", ""10009832"", ""    "", ""국내주식 소수점 일괄매도 및 매매 제한일정 안내(한화솔루션 일정변경-미정)"", ""                                                                                                    "", ""1"", "" "", "" "", ""                                                                                                    "", ""                                                                                                    "", ""                    "", ""1591"", "" "", ""원윤정"", ""플랫폼서비스부"", ""A"", "" ""]"
2026-05-14 04:39:52,KB증권,2026-05-08,일부 금융기관 오픈뱅킹 서비스 일시 중단 안내,10009831,서비스,6904,https://www.kbsec.com/go.able?linkcd=m06090001,grid_json,"[""20260508"", ""20260508"", ""20270608"", ""10009831"", ""    "", ""일부 금융기관 오픈뱅킹 서비스 일시 중단 안내"", ""                                                                                                    "", ""1"", "" "", "" "", ""                                                                                                    "", ""                                                                                                    "", ""                    "", ""6904"", "" "", ""윤채원"", ""업무개발부"", ""D"", "" ""]"
2026-05-14 04:39:52,KB증권,2026-05-08,해외주식 주요 권리 발생 내용 안내 (26.05.11~26.05.15),10009830,없음,1831,https://www.kbsec.com/go.able?linkcd=m06090001,grid_json,"[""20260508"", ""20260508"", ""20350430"", ""10009830"", ""    "", ""해외주식 주요 권리 발생 내용 안내 (26.05.11~26.05.15)"", ""                                                                                                    "", ""1"", "" "", "" "", ""                                                                                                    "", ""                                                                                                    "", ""                    "", ""1831"", "" "", ""정찬우"", ""글로벌BK부"", ""B"", "" ""]"
2026-05-14 04:39:52,KB증권,2026-05-08,신분증 서비스 일시중단 안내(05/12),10009829,서비스,2298,https://www.kbsec.com/go.able?linkcd=m06090001,grid_json,"[""20260508"", ""20260508"", ""20360508"", ""10009829"", ""    "", ""신분증 서비스 일시중단 안내(05/12)"", ""                                                                                                    "", ""1"", "" "", "" "", ""                                                                                                    "", ""                                                                                                    "", ""                    "", ""2298"", "" "", ""원윤정"", ""플랫폼서비스부"", ""D"", "" ""]"
2026-05-14 04:39:52,KB증권,2026-05-08,퇴직연금 상품 매매시간 변경 안내,10009826,서비스,2057,https://www.kbsec.com/go.able?linkcd=m06090001,grid_json,"[""20260508"", ""20260508"", ""20360508"", ""10009826"", ""    "", ""퇴직연금 상품 매매시간 변경 안내"", ""                                                                                                    "", ""1"", "" "", "" "", ""                                                                                                    "", ""                                                                                                    "", ""                    "", ""2057"", "" "", ""원윤정"", ""플랫폼서비스부"", ""A"", "" ""]"
2026-05-14 04:39:52,KB증권,2026-05-08,2025년 귀속 파생상품 양도소득세 신고안내,10009824,없음,1372,https://www.kbsec.com/go.able?linkcd=m06090001,grid_json,"[""20260508"", ""20260508"", ""20360508"", ""10009824"", ""    "", ""2025년 귀속 파생상품 양도소득세 신고안내"", ""                                                                                                    "", ""1"", "" "", "" "", ""                                                                                                    "", ""                                                                                                    "", ""                    "", ""1372"", "" "", ""                    "", ""                                        "", ""A"", "" ""]"
2026-05-14 04:39:52,KB증권,2026-05-07,CFD 증거금률 변경 안내,10009823,상품,1856,https://www.kbsec.com/go.able?linkcd=m06090001,grid_json,"[""20260507"", ""20260507"", ""20350507"", ""10009823"", ""    "", ""CFD 증거금률 변경 안내"", ""                                                                                                    "", ""1"", "" "", "" "", ""                                                                                                    "", ""                                                                                                    "", ""                    "", ""1856"", "" "", ""김진욱"", ""글로벌파생영업부"", ""A"", "" ""]"
2026-05-14 04:39:52,KB증권,2026-05-07,신용대출 종목군 및 위탁증거금률 변경 안내,10009822,상품,739,https://www.kbsec.com/go.able?linkcd=m06090001,grid_json,"[""20260507"", ""20260507"", ""20360507"", ""10009822"", ""    "", ""신용대출 종목군 및 위탁증거금률 변경 안내"", ""                                                                                                    "", ""1"", "" "", "" "", ""                                                                                                    "", ""                                                                                                    "", ""                    "", ""739"", "" "", ""송인상"", ""신용공여부"", ""A"", "" ""]"
2026-05-14 04:39:52,KB증권,2026-05-07,파생상품계좌설정약관 등 개정 안내,10009821,서비스,234,https://www.kbsec.com/go.able?linkcd=m06090001,grid_json,"[""20260507"", ""20260507"", ""20360507"", ""10009821"", ""    "", ""파생상품계좌설정약관 등 개정 안내"", ""202605/260507_1778137717221.pdf"", ""1"", "" "", "" "", ""                                                                                                    "", ""                                                                                                    "", ""                    "", ""234"", "" "", ""전선빈"", ""플랫폼서비스부"", ""A"", "" ""]"
2026-05-14 04:39:52,KB증권,2026-05-07,일부 금융기관 오픈뱅킹 서비스 일시 중단 안내,10009819,서비스,2032,https://www.kbsec.com/go.able?linkcd=m06090001,grid_json,"[""20260507"", ""20260507"", ""20270507"", ""10009819"", ""    "", ""일부 금융기관 오픈뱅킹 서비스 일시 중단 안내"", ""                                                                                                    "", ""1"", "" "", "" "", ""                                                                                                    "", ""                                                                                                    "", ""                    "", ""2032"", "" "", ""윤채원"", ""업무개발부"", ""D"", "" ""]"
2026-05-14 04:39:52,KB증권,2026-05-07,일부 참가기관 디지털금융망 서비스 일시 중단 안내,10009818,서비스,321,https://www.kbsec.com/go.able?linkcd=m06090001,grid_json,"[""20260507"", ""20260507"", ""20270507"", ""10009818"", ""    "", ""일부 참가기관 디지털금융망 서비스 일시 중단 안내"", ""                                                                                                    "", ""1"", "" "", "" "", ""                                                                                                    "", ""                                                                                                    "", ""                    "", ""321"", "" "", ""윤채원"", ""업무개발부"", ""D"", "" ""]"
2026-05-14 04:39:52,KB증권,2026-05-07,[오픈뱅킹]서비스 일시 중단 안내 (6/13),10009817,서비스,481,https://www.kbsec.com/go.able?linkcd=m06090001,grid_json,"[""20260507"", ""20260507"", ""20360507"", ""10009817"", ""    "", ""[오픈뱅킹]서비스 일시 중단 안내 (6/13)"", ""                                                                                                    "", ""1"", "" "", "" "", ""                                                                                                    "", ""                                                                                                    "", ""                    "", ""481"", "" "", ""원윤정"", ""플랫폼서비스부"", ""D"", "" ""]"
2026-05-14 04:39:52,KB증권,2026-05-06,감액배당소득의 과세방식 변경 안내,10009812,서비스,5013,https://www.kbsec.com/go.able?linkcd=m06090001,grid_json,"[""20260506"", ""20260506"", ""20360505"", ""10009812"", ""    "", ""감액배당소득의 과세방식 변경 안내"", ""202605/20260506_1778052406603.pdf"", ""1"", "" "", "" "", ""                                                                                                    "", ""                                                                                                    "", ""                    "", ""5013"", "" "", ""황지연"", ""플랫폼서비스부"", ""A"", "" ""]"
2026-05-14 04:39:52,KB증권,2026-05-06,일부 금융기관 오픈뱅킹 서비스 일시 중단 안내,10009811,서비스,905,https://www.kbsec.com/go.able?linkcd=m06090001,grid_json,"[""20260506"", ""20260506"", ""20270506"", ""10009811"", ""    "", ""일부 금융기관 오픈뱅킹 서비스 일시 중단 안내"", ""                                                                                                    "", ""1"", "" "", "" "", ""                                                                                                    "", ""                                                                                                    "", ""                    "", ""905"", "" "", ""엄소영"", ""업무개발부"", ""D"", "" ""]"
2026-05-14 04:39:52,KB증권,2026-05-04,2026년 2분기 신용공여 종목군 및 증거금률 변경 안내,10009806,상품,7667,https://www.kbsec.com/go.able?linkcd=m06090001,grid_json,"[""20260504"", ""20260504"", ""20300503"", ""10009806"", ""    "", ""2026년 2분기 신용공여 종목군 및 증거금률 변경 안내"", ""                                                                                                    "", ""1"", "" "", "" "", ""                                                                                                    "", ""                                                                                                    "", ""                    "", ""7667"", "" "", ""양지과"", ""신용공여부"", ""A"", "" ""]"
2026-05-14 04:39:52,KB증권,2026-04-30,모바일 신분증 서비스 일시중단 안내(04.30),10009802,서비스,7912,https://www.kbsec.com/go.able?linkcd=m06090001,grid_json,"[""20260430"", ""20260430"", ""20360430"", ""10009802"", ""    "", ""모바일 신분증 서비스 일시중단 안내(04.30)"", ""                                                                                                    "", ""1"", "" "", "" "", ""                                                                                                    "", ""                                                                                                    "", ""                    "", ""7912"", "" "", ""원윤정"", ""플랫폼서비스부"", ""D"", "" ""]"
2026-05-14 04:39:52,KB증권,2026-04-30,해외주식 주요 권리 발생 내용 안내 (26.05.04~26.05.08),10009801,없음,1412,https://www.kbsec.com/go.able?linkcd=m06090001,grid_json,"[""20260430"", ""20260430"", ""20350430"", ""10009801"", ""    "", ""해외주식 주요 권리 발생 내용 안내 (26.05.04~26.05.08)"", ""                                                                                                    "", ""1"", "" "", "" "", ""                                                                                                    "", ""                                                                                                    "", ""                    "", ""1412"", "" "", ""정찬우"", ""글로벌BK부"", ""B"", "" ""]"
2026-05-14 04:39:52,KB증권,2026-04-29,KB 천연가스 선물 ETN 3종 신규 상장,10009798,상품,364,https://www.kbsec.com/go.able?linkcd=m06090001,grid_json,"[""20260429"", ""20260429"", ""20360429"", ""10009798"", ""    "", ""KB 천연가스 선물 ETN 3종 신규 상장"", ""                                                                                                    "", ""1"", "" "", "" "", ""                                                                                                    "", ""                                                                                                    "", ""                    "", ""364"", "" "", ""                    "", ""                                        "", ""A"", "" ""]"
2026-05-14 04:39:52,KB증권,2026-04-29,CFD 증거금률 변경 안내,10009797,상품,601,https://www.kbsec.com/go.able?linkcd=m06090001,grid_json,"[""20260429"", ""20260429"", ""20360429"", ""10009797"", ""    "", ""CFD 증거금률 변경 안내"", ""                                                                                                    "", ""1"", "" "", "" "", ""                                                                                                    "", ""                                                                                                    "", ""                    "", ""601"", "" "", ""김진욱"", ""글로벌파생영업부"", ""A"", "" ""]"
2026-05-14 04:39:52,KB증권,2026-04-29,신용대출 종목군 및 위탁증거금률 변경 안내,10009796,상품,941,https://www.kbsec.com/go.able?linkcd=m06090001,grid_json,"[""20260429"", ""20260429"", ""20360429"", ""10009796"", ""    "", ""신용대출 종목군 및 위탁증거금률 변경 안내"", ""                                                                                                    "", ""1"", "" "", "" "", ""                                                                                                    "", ""                                                                                                    "", ""                    "", ""941"", "" "", ""송인상"", ""신용공여부"", ""A"", "" ""]"
2026-05-14 04:39:52,KB증권,2026-04-29,국내주식 소수점 일괄매도 및 매매 제한일정 안내,10009795,없음,1756,https://www.kbsec.com/go.able?linkcd=m06090001,grid_json,"[""20260429"", ""20260429"", ""20360429"", ""10009795"", ""    "", ""국내주식 소수점 일괄매도 및 매매 제한일정 안내"", ""                                                                                                    "", ""1"", "" "", "" "", ""                                                                                                    "", ""                                                                                                    "", ""                    "", ""1756"", "" "", ""원윤정"", ""플랫폼서비스부"", ""A"", "" ""]"
2026-05-14 04:39:52,KB증권,2026-04-29,KB증권 영업점 통합 안내(송파지점),10009794,없음,1346,https://www.kbsec.com/go.able?linkcd=m06090001,grid_json,"[""20260429"", ""20260429"", ""20360429"", ""10009794"", ""    "", ""KB증권 영업점 통합 안내(송파지점)"", ""                                                                                                    "", ""1"", "" "", "" "", ""                                                                                                    "", ""                                                                                                    "", ""                    "", ""1346"", "" "", ""전선빈"", ""플랫폼서비스부"", ""C"", "" ""]"
