date,company,title,url
2026-10-07,토스증권,국내/해외 상장 단일종목 레버리지 상품 모의거래 이수 의무화 안내,https://corp.tossinvest.com/ko/post?type=notice&id=23890&category=52
2026-10-07,토스증권,2026년 국내/해외 주식 및 옵션 휴장일 안내,https://corp.tossinvest.com/ko/post?type=notice&id=21740&category=52
2026-10-07,토스증권,[토스증권] 전산장애 대처방법,https://corp.tossinvest.com/ko/post?type=notice&id=14940&category=46
2026-10-07,토스증권,[해외주식] PTP 종목 세금 발생 예정 안내,https://corp.tossinvest.com/ko/post?type=notice&id=1879&category=45
2026-10-07,토스증권,[해외] 종목등급 및 증거금률 변경 안내,https://corp.tossinvest.com/ko/post?type=notice&id=25160&category=152
2026-10-07,토스증권,[국내] 종목등급 및 증거금률 변경 안내,https://corp.tossinvest.com/ko/post?type=notice&id=25142&category=152
2026-10-07,토스증권,[해외주식] BCAT 워런트 (BCAT.RT) 상장폐지 안내,https://corp.tossinvest.com/ko/post?type=notice&id=25154&category=45
2026-10-07,토스증권,[해외주식] 글로벌 엔진 그룹 홀딩 (GLE) 주식병합 안내,https://corp.tossinvest.com/ko/post?type=notice&id=25152&category=45
2026-10-07,토스증권,[해외주식] BBBY 콜 워런트 (BBBYW) 상장폐지 안내,https://corp.tossinvest.com/ko/post?type=notice&id=25150&category=45
2026-10-07,토스증권,[해외주식] 스파크1 애퀴지션 (SPKL) 상장폐지 및 판매방법 안내,https://corp.tossinvest.com/ko/post?type=notice&id=25148&category=45
2026-10-07,토스증권,[해외주식] 트릴러 그룹 (ILLR) 상장폐지 및 판매 방법 안내,https://corp.tossinvest.com/ko/post?type=notice&id=25146&category=45
2026-10-07,토스증권,[해외주식] 에스시웍스 (WORX) 재상장 안내,https://corp.tossinvest.com/ko/post?type=notice&id=25144&category=45
2026-10-07,토스증권,[해외] 종목등급 및 증거금률 변경 안내,https://corp.tossinvest.com/ko/post?type=notice&id=25132&category=152
2026-10-07,토스증권,[국내] 종목등급 및 증거금률 변경 안내,https://corp.tossinvest.com/ko/post?type=notice&id=25114&category=152
2026-10-07,토스증권,[해외주식] 레슬리스 (LESLQ) 상장폐지 및 판매 방법 안내,https://corp.tossinvest.com/ko/post?type=notice&id=25140&category=45
2026-10-07,토스증권,[해외주식] XAI 옥타곤 변동금리 펀드 (XFLT) 공개매수 신청 안내 (2026-10-15 오전 8시 신청 마감),https://corp.tossinvest.com/ko/post?type=notice&id=25138&category=45
2026-10-07,토스증권,[해외주식] BCAT 워런트 (BCAT.RT) 유상청약 안내 (2026-10-19 오전 8시 신청 마감),https://corp.tossinvest.com/ko/post?type=notice&id=25136&category=45
2026-10-07,토스증권,[해외주식] 매킬헤니 셰필드 리스크 ETF (MSMR) 배당 취소 및 재지급 안내,https://corp.tossinvest.com/ko/post?type=notice&id=25134&category=45
2026-10-07,토스증권,[해외주식] 파라마운트 스카이댄스 코퍼레이션 (PSKY) 티커변경 안내,https://corp.tossinvest.com/ko/post?type=notice&id=25130&category=45
2026-10-07,토스증권,[해외주식] 아이셰어즈 반도체 ETF (SOXX) 주식분할 선반영 안내,https://corp.tossinvest.com/ko/post?type=notice&id=25128&category=45
